SampleName,Marker,Allele1,Allele2
P1,D3S1358,16,15
P1,TH01,9.3,9.3
P1,D21S11,29,27
P1,D18S51,17,15
P1,D10S1248,15,13
P1,D1S1656,12,17.3
P1,D2S1338,23,19
P1,D16S539,11,12
P1,D22S1045,15,16
P1,VWA,14,17
P1,D8S1179,14,15
P1,FGA,22,21
P1,D2S441,10,14
P1,D12S391,18.3,22
P1,D19S433,13,15.2
P1,SE33,30.2,33.2
P2,D3S1358,16,15
P2,TH01,6,7
P2,D21S11,29,35
P2,D18S51,11,14
P2,D10S1248,13,13
P2,D1S1656,15,16
P2,D2S1338,17,20
P2,D16S539,9,10
P2,D22S1045,15,15
P2,VWA,15,17
P2,D8S1179,10,13
P2,FGA,22,25
P2,D2S441,11,11
P2,D12S391,18,19
P2,D19S433,14,14
P2,SE33,27.2,29.2
