SampleName;Marker;Allele1;Allele2;Allele3;Allele4;Allele5;Height1;Height2;Height3;Height4;Height5
stain80;D3S1358;15;16;17;;;190;432;132;;
stain80;TH01;7;9;9.3;;;102;245;248;;
stain80;D21S11;28;29;30;;;176;361;195;;
stain80;D18S51;16;;;;;211;;;;
stain80;D10S1248;12;13;14;;;231;557;311;;
stain80;D1S1656;15.3;17;17.3;;;253;291;189;;
stain80;D2S1338;20;;;;;545;;;;
stain80;D16S539;;;;;;;;;;
stain80;D22S1045;11;15;16;;;219;204;571;;
stain80;VWA;15;16;20;;;242;291;115;;
stain80;D8S1179;11;12;;;;147;138;;;
stain80;FGA;23;25;;;;122;153;;;
stain80;D2S441;10;11;11.3;15;;253;296;165;155;
stain80;D12S391;17;18;20;23;;101;320;473;119;
stain80;D19S433;13;14;;;;293;175;;;
stain80;SE33;;;;;;;;;;
stain68;D3S1358;14;15;16;;;110;196;880;;
stain68;TH01;9;9.3;;;;169;582;;;
stain68;D21S11;28;29;30;31;;239;266;194;106;
stain68;D18S51;16;;;;;118;;;;
stain68;D10S1248;12;13;14;15;;130;264;194;130;
stain68;D1S1656;13;15.3;17;17.3;;137;291;142;337;
stain68;D2S1338;20;;;;;324;;;;
stain68;D16S539;;;;;;;;;;
stain68;D22S1045;11;15;16;;;195;249;509;;
stain68;VWA;15;16;17;20;;220;123;142;180;
stain68;D8S1179;11;12;13;;;185;187;172;;
stain68;FGA;18;20;25;;;112;119;171;;
stain68;D2S441;10;11;11.3;15;;157;229;242;163;
stain68;D12S391;17;18;20;;;215;525;157;;
stain68;D19S433;13;14;16;;;146;331;244;;
stain68;SE33;;;;;;;;;;
stain51;D3S1358;14;15;16;;;177;307;350;;
stain51;TH01;9;9.3;;;;126;228;;;
stain51;D21S11;28;29;;;;182;234;;;
stain51;D18S51;12;16;;;;147;153;;;
stain51;D10S1248;12;13;14;;;173;570;362;;
stain51;D1S1656;12;15.3;16.3;17.3;;107;232;173;270;
stain51;D2S1338;17;20;;;;293;638;;;
stain51;D16S539;11;13;;;;227;156;;;
stain51;D22S1045;15;16;;;;259;464;;;
stain51;VWA;15;16;20;;;274;232;318;;
stain51;D8S1179;11;14;;;;144;227;;;
stain51;FGA;20;21;25;;;141;164;203;;
stain51;D2S441;10;11;11.3;12;15;161;272;351;193;219
stain51;D12S391;15;17;18;;;149;102;506;;
stain51;D19S433;13;14;16;;;327;298;261;;
stain51;SE33;21.2;;;;;125;;;;
