SampleName,Marker,Allele1,Allele2,Allele3,Allele4,Allele5,Allele6,Allele7,Height1,Height2,Height3,Height4,Height5,Height6,Height7
stain5,D3S1358,14,15,16,17,,,,417,314,909,175,,,
stain5,TH01,6,7,8.3,9,9.3,,,100,94,118,350,1060,,
stain5,D21S11,28,29,30,31,,,,461,543,299,88,,,
stain5,D18S51,12,15,16,19,,,,76,83,750,84,,,
stain5,D10S1248,12,13,14,,,,,422,1190,827,,,,
stain5,D1S1656,11,12,15.3,17,17.3,,,55,493,311,426,363,,
stain5,D2S1338,18,19,20,,,,,338,117,1052,,,,
stain5,D16S539,11,12,13,9,,,,333,129,552,193,,,
stain5,D22S1045,11,14,15,16,,,,263,74,813,1339,,,
stain5,VWA,14,15,16,17,18,19,20,62,596,359,235,138,273,326
stain5,D8S1179,11,12,13,14,,,,353,394,219,202,,,
stain5,FGA,18,20,21,22,23,25,,128,354,179,149,87,112,
stain5,D2S441,10,11,11.3,12,15,,,386,406,326,142,445,,
stain5,D12S391,17,18,20,23,,,,168,608,373,233,,,
stain5,D19S433,12,13,14,15,16,,,60,605,610,288,486,,
stain5,SE33,14,18,21.2,28.2,,,,430,163,275,251,,,
