SampleName,Marker,Allele 1,Allele 2
Ref1,D1S1656,15_14_1_0,16.3_11_1_0
Ref1,TPOX,8_8,9_9
Ref1,D2S441,11_9_0,11_9_0
Ref1,D2S1338,18_12_0_6,21_14_0_7
Ref1,D3S1358,17_14_2,18_14_3
Ref1,D4S2408,10_10_0,10_10_0
Ref1,FGA,22_14_3_0,24_16_3_0
Ref1,D5S818,11_11,12_13
Ref1,CSF1PO,10_10_0,12_12_0
Ref1,D6S1043,12_12_0,21.3_13_1
Ref1,D7S820,9_9_1_0,9_9_1_0
Ref1,D8S1179,15_12_1_0,15_13_1_0
Ref1,D9S1122,11_9,9_7
Ref1,D10S1248,13_13,16_16
Ref1,TH01,8_8,8_8
Ref1,VWA,16_11_4_1,16_11_4_1
Ref1,D12S391,18_11_6_0,19_12_6_0
Ref1,D13S317,11_11_3_1,11_12_3_1
Ref1,PENTA E,11_11,16_15
Ref1,D16S539,11_11_0,12_12_0
Ref1,D17S1301,12_12,12_12
Ref1,D18S51,16_16_1,18_18_1
Ref1,D19S433,12.2_11_0_0,16_14_1_0
Ref1,D20S482,13_13,14_14
Ref1,D21S11,29_11_4_6,30_11_6_5
Ref1,PENTA D,10_10,11_11
Ref1,D22S1045,16_13,16_13
Ref2,D1S1656,14_13_1_0,16_15_1_0
Ref2,TPOX,11_11,8_8
Ref2,D2S441,11_11_0,14_11_0
Ref2,D2S1338,19_12_0_7,20_14_0_6
Ref2,D3S1358,16_13_2,18_14_3
Ref2,D4S2408,12_12_0,9_9_0
Ref2,FGA,22_14_3_0,23_15_3_0
Ref2,D5S818,11_11,12_12
Ref2,CSF1PO,12_12_0,9_9_0
Ref2,D6S1043,11_11_0,12_12_0
Ref2,D7S820,10_10_1_0,9_9_1_0
Ref2,D8S1179,14_12_1_0,15_12_1_0
Ref2,D9S1122,12_10,13_11
Ref2,D10S1248,15_15,15_15
Ref2,TH01,7_7,8_8
Ref2,VWA,17_13_4_1,19_14_4_1
Ref2,D12S391,18_11_6_0,20_12_7_0
Ref2,D13S317,12_12_3_1,13_13_3_1
Ref2,PENTA E,16_16,8_8
Ref2,D16S539,13_13_0,9_9_0
Ref2,D17S1301,12_12,13_13
Ref2,D18S51,13.2_13_0,16_16_1
Ref2,D19S433,14_12_1_0,14_12_1_0
Ref2,D20S482,14_14,14_14
Ref2,D21S11,29_10_4_7,29_10_6_5
Ref2,PENTA D,10_10,12_12
Ref2,D22S1045,13_10,15_12
Ref3,D1S1656,15_14_1_0,15_15_0_0
Ref3,TPOX,8_8,8_8
Ref3,D2S441,11.3_7_0,14_11_0
Ref3,D2S1338,22_13_1_6,25_15_1_7
Ref3,D3S1358,16_14_1,17_13_3
Ref3,D4S2408,10_10_0,11_11_0
Ref3,FGA,19_11_3_0,23_15_3_0
Ref3,D5S818,11_11,12_13
Ref3,CSF1PO,11_11_0,12_12_0
Ref3,D6S1043,13_13_0,14_14_0
Ref3,D7S820,11_11_1_0,8_8_1_0
Ref3,D8S1179,12_10_1_0,15_12_1_0
Ref3,D9S1122,12_10,13_13
Ref3,D10S1248,13_13,17_17
Ref3,TH01,7_7,7_7
Ref3,VWA,14_3_4_2,16_11_4_1
Ref3,D12S391,19_11_7_0,20_12_8_0
Ref3,D13S317,12_12_3_1,12_12_3_1
Ref3,PENTA E,11_11,12_12
Ref3,D16S539,10_10_0,11_11_0
Ref3,D17S1301,12_12,12_12
Ref3,D18S51,11_11_1,17_17_1
Ref3,D19S433,13.2_12_0_0,14_12_1_0
Ref3,D20S482,15_15,15_15
Ref3,D21S11,29_10_5_6,30_11_6_5
Ref3,PENTA D,12_12,2.2_5
Ref3,D22S1045,15_12,17_14
Ref4,D1S1656,16.3_11_1_0,17.3_12_1_0
Ref4,TPOX,11_11,8_8
Ref4,D2S441,10_10_0,11_11_0
Ref4,D2S1338,24_14_1_7,25_15_1_7
Ref4,D3S1358,15_13_1,17_13_3
Ref4,D4S2408,12_12_0,8_8_0
Ref4,FGA,22.2_13_3_0,25_17_3_0
Ref4,D5S818,12_12,12_12
Ref4,CSF1PO,12_12_0,13_13_0
Ref4,D6S1043,10_10_0,16_16_0
Ref4,D7S820,12_12_1_0,12_12_1_0
Ref4,D8S1179,10_10_0_0,12_9_1_0
Ref4,D9S1122,11_9,12_12
Ref4,D10S1248,13_13,16_16
Ref4,TH01,7_7,9.3_6
Ref4,VWA,15_10_4_1,16_11_4_1
Ref4,D12S391,18_11_6_0,20_11_9_0
Ref4,D13S317,11_12_3_1,12_13_3_1
Ref4,PENTA E,10_10,9_9
Ref4,D16S539,11_11_0,9_9_0
Ref4,D17S1301,11_11,12_12
Ref4,D18S51,17_17_1,19_19_1
Ref4,D19S433,12_10_1_0,13_11_1_0
Ref4,D20S482,13_13,15_15
Ref4,D21S11,30_11_5_6,30_11_6_5
Ref4,PENTA D,9_9,9_9
Ref4,D22S1045,12_9,16_13
