SampleName	Marker	Allele1	Allele2	Allele3	Allele4	Allele5	Allele6	Allele7	Allele8	Allele9	Allele10	Allele11	Allele12	Allele13	Height1	Height2	Height3	Height4	Height5	Height6	Height7	Height8	Height9	Height10	Height11	Height12	Height13
evid4p	D3S1358	13	14	15	16	17	18	19							300	4329	2254	6587	10677	13916	89						
evid4p	VWA	14	15	16	17	18	19								229	4821	2587	10889	7345	3955							
evid4p	D16S539	8	9	10	11	12	13	14							75	1514	3392	10390	3248	9067	78						
evid4p	CSF1PO	8	9	10	11	12	13								154	4929	14564	5095	455	5841							
evid4p	TPOX	7	8	9	10	11									2921	1097	868	4985	12843								
evid4p	D8S1179	9	10	11	12	13	14	15							678	12190	224	5437	7324	3197	11324						
evid4p	D21S11	27	28	29	30.2	31.2	32.2	33.2							508	7409	6142	729	10277	11884	5221						
evid4p	D18S51	11	12	13	14	15	16	17	18	19	20				438	7631	7680	6798	552	6972	6853	113	750	7256			
evid4p	D2S441	9	10	11	13	14									354	8926	10015	205	4400								
evid4p	D19S433	10	11	12	13	14	15								276	4586	7137	2437	4669	4680							
evid4p	TH01	5	6	7	8	9									123	5584	4290	3513	6348								
evid4p	FGA	18	19	22	23	24	27								341	7562	513	6837	7236	689							
evid4p	D22S1045	10	11	13	14	15	16	17	18	19	20				124	4344	129	2186	10431	6238	6011	780	3947	281			
evid4p	D5S818	10	11	12	13	14									948	16616	7329	13324	1422								
evid4p	D13S317	10	11	12	13										691	16501	21372	6734									
evid4p	D7S820	7	8	9	10	11	12								442	15383	4786	1861	1273	21302							
evid4p	SE33	13.2	14.2	17	18	19	20	20.2	21.2	24.2	25.2	26.2	28.2	29.2	494	6167	967	10800	187	1238	380	5802	494	6757	4846	104	1063
evid4p	D10S1248	11	12	13	14	15	16								405	5874	17173	1200	14249	6390							
evid4p	D1S1656	10	11	12	13	14	15	16							287	6824	6144	2667	9799	22222	166						
evid4p	D12S391	16	17	18	22	23	24	25							1095	16946	5049	644	5630	3395	1170						
evid4p	D2S1338	16	17	20	21	22	23	24	25						597	9509	314	5386	3928	8098	5367	1008					
