Sample Name,Marker,Allele 1,Allele 2,Height 1,Height 2
1_1a_XEN13,rs1490413,G,A,984,941
1_1a_XEN13,rs7520386,G,A,141,936
1_1a_XEN13,rs4847034,A,G,1093,1499
1_1a_XEN13,rs560681,A,G,2027,400
1_1a_XEN13,rs10495407,G,A,609,588
1_1a_XEN13,rs891700,A,G,365,572
1_1a_XEN13,rs1413212,T,C,397,1610
1_1a_XEN13,rs876724,C,T,1157,577
1_1a_XEN13,rs1109037,G,A,824,801
1_1a_XEN13,rs993934,A,G,117,611
1_1a_XEN13,rs12997453,A,G,340,89
1_1a_XEN13,rs907100,G,C,199,1295
1_1a_XEN13,rs1357617,A,T,344,1711
1_1a_XEN13,rs4364205,T,G,6,1724
1_1a_XEN13,rs9866013,T,C,500,414
1_1a_XEN13,rs2399332,T,G,566,85
1_1a_XEN13,rs1872575,G,A,693,1182
1_1a_XEN13,rs1355366,T,C,534,928
1_1a_XEN13,rs6444724,T,C,259,286
1_1a_XEN13,rs2046361,T,A,206,419
1_1a_XEN13,rs279844,A,T,653,359
1_1a_XEN13,rs13134862,G,A,355,1646
1_1a_XEN13,rs1554472,G,A,1781,354
1_1a_XEN13,rs6811238,T,G,1136,1165
1_1a_XEN13,rs1979255,C,G,99,395
1_1a_XEN13,rs717302,G,A,1821,805
1_1a_XEN13,rs159606,A,G,0,1525
1_1a_XEN13,rs13182883,G,A,733,0
1_1a_XEN13,rs7704770,G,A,513,884
1_1a_XEN13,rs315791,A,C,254,1462
1_1a_XEN13,rs251934,A,G,997,928
1_1a_XEN13,rs338882,G,A,704,761
1_1a_XEN13,rs1029047,T,A,258,83
1_1a_XEN13,rs13218440,G,A,1119,1156
1_1a_XEN13,rs2811231,C,A,1108,886
1_1a_XEN13,rs1336071,T,C,86,46
1_1a_XEN13,rs1478829,T,A,0,335
1_1a_XEN13,rs1358856,C,A,0,370
1_1a_XEN13,rs2503107,C,A,595,92
1_1a_XEN13,rs2272998,G,C,955,1718
1_1a_XEN13,rs214955,C,T,975,445
1_1a_XEN13,rs727811,G,T,0,708
1_1a_XEN13,rs6955448,C,T,1130,605
1_1a_XEN13,rs917118,C,T,279,571
1_1a_XEN13,rs1019029,A,G,1138,532
1_1a_XEN13,rs321198,T,C,1294,558
1_1a_XEN13,rs737681,T,C,1744,0
1_1a_XEN13,rs10092491,T,C,524,1052
1_1a_XEN13,rs4288409,A,C,1031,435
1_1a_XEN13,rs2056277,C,T,577,1148
1_1a_XEN13,rs4606077,T,C,147,567
1_1a_XEN13,rs1015250,G,C,783,394
1_1a_XEN13,rs2270529,T,C,716,1571
1_1a_XEN13,rs7041158,C,T,1283,536
1_1a_XEN13,rs1463729,C,T,998,607
1_1a_XEN13,rs1360288,C,T,91,364
1_1a_XEN13,rs10776839,G,T,960,440
1_1a_XEN13,rs826472,T,C,228,276
1_1a_XEN13,rs735155,C,T,805,373
1_1a_XEN13,rs3780962,A,G,5,2396
1_1a_XEN13,rs1410059,T,C,343,1770
1_1a_XEN13,rs740598,G,A,195,936
1_1a_XEN13,rs964681,T,C,857,370
1_1a_XEN13,rs10768550,C,T,608,648
1_1a_XEN13,rs10500617,T,A,1109,1137
1_1a_XEN13,rs1498553,C,T,687,625
1_1a_XEN13,rs901398,C,T,1376,625
1_1a_XEN13,rs6591147,T,C,310,590
1_1a_XEN13,rs10488710,C,G,1383,389
1_1a_XEN13,rs590162,C,T,646,495
1_1a_XEN13,rs2076848,A,T,331,1691
1_1a_XEN13,rs2107612,G,A,183,74
1_1a_XEN13,rs2269355,C,G,722,719
1_1a_XEN13,rs2111980,T,C,1210,504
1_1a_XEN13,rs10773760,A,G,1542,1408
1_1a_XEN13,rs1335873,T,A,210,1467
1_1a_XEN13,rs1886510,G,A,774,686
1_1a_XEN13,rs9546538,T,C,1386,727
1_1a_XEN13,rs1058083,A,G,0,1167
1_1a_XEN13,rs354439,A,T,1303,1117
1_1a_XEN13,rs1454361,T,A,1233,1125
1_1a_XEN13,rs722290,G,C,254,508
1_1a_XEN13,rs873196,C,T,760,1334
1_1a_XEN13,rs4530059,G,A,928,472
1_1a_XEN13,rs2016276,T,C,1302,0
1_1a_XEN13,rs1821380,C,G,1459,1248
1_1a_XEN13,rs8037429,C,T,28,227
1_1a_XEN13,rs1528460,C,T,295,1463
1_1a_XEN13,rs729172,G,T,725,842
1_1a_XEN13,rs2342747,A,G,115,238
1_1a_XEN13,rs7205345,C,G,971,789
1_1a_XEN13,rs430046,C,T,0,541
1_1a_XEN13,rs1382387,C,A,379,763
1_1a_XEN13,rs9905977,A,G,1029,564
1_1a_XEN13,rs740910,A,G,1675,0
1_1a_XEN13,rs4796362,G,A,1214,0
1_1a_XEN13,rs2175957,T,G,1956,326
1_1a_XEN13,rs8070085,A,G,1510,313
1_1a_XEN13,rs1004357,G,A,339,1802
1_1a_XEN13,rs1027895,A,G,1949,0
1_1a_XEN13,rs938283,T,C,1824,0
1_1a_XEN13,rs8078417,C,T,679,0
1_1a_XEN13,rs2291395,A,G,1004,141
1_1a_XEN13,rs4789798,C,G,1477,215
1_1a_XEN13,rs689512,G,C,191,1194
1_1a_XEN13,rs3744163,G,C,112,838
1_1a_XEN13,rs2292972,T,C,158,1049
1_1a_XEN13,rs1493232,C,A,525,2157
1_1a_XEN13,rs9951171,G,A,218,931
1_1a_XEN13,rs7229946,G,A,312,1320
1_1a_XEN13,rs985492,G,A,1581,707
1_1a_XEN13,rs521861,C,G,1092,551
1_1a_XEN13,rs1736442,T,C,312,1349
1_1a_XEN13,rs1024116,C,T,979,1541
1_1a_XEN13,rs719366,G,A,814,846
1_1a_XEN13,rs576261,A,C,352,52
1_1a_XEN13,rs1031825,A,C,739,1489
1_1a_XEN13,rs445251,G,C,458,1426
1_1a_XEN13,rs12480506,A,G,1244,1281
1_1a_XEN13,rs2567608,T,C,808,721
1_1a_XEN13,rs1005533,G,A,944,973
1_1a_XEN13,rs1523537,T,C,648,115
1_1a_XEN13,rs722098,A,G,2024,949
1_1a_XEN13,rs464663,T,C,408,1530
1_1a_XEN13,rs2830795,A,G,2016,813
1_1a_XEN13,rs2831700,A,G,1053,1109
1_1a_XEN13,rs2833736,G,A,1488,352
1_1a_XEN13,rs914165,G,A,821,0
1_1a_XEN13,rs221956,T,C,547,979
1_1a_XEN13,rs9606186,C,G,735,470
1_1a_XEN13,rs5746846,C,G,324,168
1_1a_XEN13,rs2073383,T,C,789,125
1_1a_XEN13,rs733164,G,A,1373,0
1_1a_XEN13,rs987640,T,A,1159,1137
1_1a_XEN13,rs2040411,G,A,1052,223
1_1a_XEN13,rs1028528,A,G,1085,1083
1_1b_XEN13,rs1490413,G,A,1129,923
1_1b_XEN13,rs7520386,G,A,167,1060
1_1b_XEN13,rs4847034,A,G,1120,1549
1_1b_XEN13,rs560681,A,G,1857,401
1_1b_XEN13,rs10495407,G,A,995,960
1_1b_XEN13,rs891700,A,G,650,812
1_1b_XEN13,rs1413212,T,C,411,1706
1_1b_XEN13,rs876724,C,T,1397,698
1_1b_XEN13,rs1109037,G,A,909,866
1_1b_XEN13,rs993934,A,G,189,867
1_1b_XEN13,rs12997453,A,G,746,139
1_1b_XEN13,rs907100,G,C,211,1217
1_1b_XEN13,rs1357617,A,T,364,1778
1_1b_XEN13,rs4364205,T,G,7,2385
1_1b_XEN13,rs9866013,T,C,542,460
1_1b_XEN13,rs2399332,T,G,810,112
1_1b_XEN13,rs1872575,G,A,773,1236
1_1b_XEN13,rs1355366,T,C,744,1320
1_1b_XEN13,rs6444724,T,C,467,406
1_1b_XEN13,rs2046361,T,A,307,597
1_1b_XEN13,rs279844,A,T,829,387
1_1b_XEN13,rs13134862,G,A,369,1866
1_1b_XEN13,rs1554472,G,A,1744,359
1_1b_XEN13,rs6811238,T,G,1383,1290
1_1b_XEN13,rs1979255,C,G,164,871
1_1b_XEN13,rs717302,G,A,1788,749
1_1b_XEN13,rs159606,A,G,0,2060
1_1b_XEN13,rs13182883,G,A,810,0
1_1b_XEN13,rs7704770,G,A,484,949
1_1b_XEN13,rs315791,A,C,346,1773
1_1b_XEN13,rs251934,A,G,1005,927
1_1b_XEN13,rs338882,G,A,730,694
1_1b_XEN13,rs1029047,T,A,852,297
1_1b_XEN13,rs13218440,G,A,1205,1218
1_1b_XEN13,rs2811231,C,A,1169,1126
1_1b_XEN13,rs1336071,T,C,207,99
1_1b_XEN13,rs1478829,T,A,0,402
1_1b_XEN13,rs1358856,C,A,0,1343
1_1b_XEN13,rs2503107,C,A,1406,287
1_1b_XEN13,rs2272998,G,C,894,1853
1_1b_XEN13,rs214955,C,T,600,249
1_1b_XEN13,rs727811,G,T,0,1129
1_1b_XEN13,rs6955448,C,T,1447,728
1_1b_XEN13,rs917118,C,T,392,732
1_1b_XEN13,rs1019029,A,G,1345,635
1_1b_XEN13,rs321198,T,C,1232,536
1_1b_XEN13,rs737681,T,C,1622,0
1_1b_XEN13,rs10092491,T,C,611,1288
1_1b_XEN13,rs4288409,A,C,923,420
1_1b_XEN13,rs2056277,C,T,708,1296
1_1b_XEN13,rs4606077,T,C,154,461
1_1b_XEN13,rs1015250,G,C,1225,592
1_1b_XEN13,rs2270529,T,C,825,1771
1_1b_XEN13,rs7041158,C,T,1340,516
1_1b_XEN13,rs1463729,C,T,1127,612
1_1b_XEN13,rs1360288,C,T,135,797
1_1b_XEN13,rs10776839,G,T,792,416
1_1b_XEN13,rs826472,T,C,546,580
1_1b_XEN13,rs735155,C,T,732,371
1_1b_XEN13,rs3780962,A,G,9,2296
1_1b_XEN13,rs1410059,T,C,391,1962
1_1b_XEN13,rs740598,G,A,304,1414
1_1b_XEN13,rs964681,T,C,1175,464
1_1b_XEN13,rs10768550,C,T,770,857
1_1b_XEN13,rs10500617,T,A,1099,1186
1_1b_XEN13,rs1498553,C,T,1108,1039
1_1b_XEN13,rs901398,C,T,1398,593
1_1b_XEN13,rs6591147,T,C,376,754
1_1b_XEN13,rs10488710,C,G,1812,436
1_1b_XEN13,rs590162,C,T,1024,1028
1_1b_XEN13,rs2076848,A,T,354,1833
1_1b_XEN13,rs2107612,G,A,794,478
1_1b_XEN13,rs2269355,C,G,874,842
1_1b_XEN13,rs2111980,T,C,1475,545
1_1b_XEN13,rs10773760,A,G,1369,1367
1_1b_XEN13,rs1335873,T,A,270,1677
1_1b_XEN13,rs1886510,G,A,823,858
1_1b_XEN13,rs9546538,T,C,1213,652
1_1b_XEN13,rs1058083,A,G,5,1720
1_1b_XEN13,rs354439,A,T,1481,1398
1_1b_XEN13,rs1454361,T,A,1222,1143
1_1b_XEN13,rs722290,G,C,301,551
1_1b_XEN13,rs873196,C,T,762,1381
1_1b_XEN13,rs4530059,G,A,969,448
1_1b_XEN13,rs2016276,T,C,1498,0
1_1b_XEN13,rs1821380,C,G,1394,1287
1_1b_XEN13,rs8037429,C,T,76,516
1_1b_XEN13,rs1528460,C,T,411,2014
1_1b_XEN13,rs729172,G,T,884,919
1_1b_XEN13,rs2342747,A,G,214,398
1_1b_XEN13,rs7205345,C,G,1037,961
1_1b_XEN13,rs430046,C,T,0,782
1_1b_XEN13,rs1382387,C,A,541,1030
1_1b_XEN13,rs9905977,A,G,1113,700
1_1b_XEN13,rs740910,A,G,2004,0
1_1b_XEN13,rs4796362,G,A,1456,0
1_1b_XEN13,rs2175957,T,G,2095,390
1_1b_XEN13,rs8070085,A,G,1885,387
1_1b_XEN13,rs1004357,G,A,298,1587
1_1b_XEN13,rs1027895,A,G,2193,5
1_1b_XEN13,rs938283,T,C,2165,0
1_1b_XEN13,rs8078417,C,T,918,0
1_1b_XEN13,rs2291395,A,G,1152,193
1_1b_XEN13,rs4789798,C,G,1588,286
1_1b_XEN13,rs689512,G,C,217,1205
1_1b_XEN13,rs3744163,G,C,136,957
1_1b_XEN13,rs2292972,T,C,185,1219
1_1b_XEN13,rs1493232,C,A,524,2133
1_1b_XEN13,rs9951171,G,A,277,1430
1_1b_XEN13,rs7229946,G,A,460,1789
1_1b_XEN13,rs985492,G,A,1689,731
1_1b_XEN13,rs521861,C,G,1279,593
1_1b_XEN13,rs1736442,T,C,272,1341
1_1b_XEN13,rs1024116,C,T,857,1708
1_1b_XEN13,rs719366,G,A,909,931
1_1b_XEN13,rs576261,A,C,397,71
1_1b_XEN13,rs1031825,A,C,865,1610
1_1b_XEN13,rs445251,G,C,433,1644
1_1b_XEN13,rs12480506,A,G,1232,1130
1_1b_XEN13,rs2567608,T,C,711,628
1_1b_XEN13,rs1005533,G,A,809,909
1_1b_XEN13,rs1523537,T,C,724,113
1_1b_XEN13,rs722098,A,G,2167,871
1_1b_XEN13,rs464663,T,C,399,1825
1_1b_XEN13,rs2830795,A,G,2194,900
1_1b_XEN13,rs2831700,A,G,1049,1013
1_1b_XEN13,rs2833736,G,A,1483,379
1_1b_XEN13,rs914165,G,A,902,0
1_1b_XEN13,rs221956,T,C,587,1048
1_1b_XEN13,rs9606186,C,G,919,520
1_1b_XEN13,rs5746846,C,G,352,224
1_1b_XEN13,rs2073383,T,C,984,156
1_1b_XEN13,rs733164,G,A,1506,0
1_1b_XEN13,rs987640,T,A,1151,1161
1_1b_XEN13,rs2040411,G,A,1659,360
1_1b_XEN13,rs1028528,A,G,1245,1214
